"ref","company","company_location","review_date","country_of_bean_origin","specific_bean_origin_or_bar_name","cocoa_percent","rating","counts_of_ingredients","beans","cocoa_butter","vanilla","lecithin","salt","sugar","sweetener_without_sugar","first_taste","second_taste","third_taste","fourth_taste"
797,"A. Morin","France",2012,"Peru","Peru",63,3.75,"4","have_bean","have_cocoa_butter","have_not_vanila","have_lecithin","have_not_salt","have_sugar","have_not_sweetener_without_sugar","fruity","melon","roasty",""
797,"A. Morin","France",2012,"Bolivia","Bolivia",70,3.5,"4","have_bean","have_cocoa_butter","have_not_vanila","have_lecithin","have_not_salt","have_sugar","have_not_sweetener_without_sugar","vegetal","nutty","",""
1015,"A. Morin","France",2013,"Venezuela","Chuao",70,4,"4","have_bean","have_cocoa_butter","have_not_vanila","have_lecithin","have_not_salt","have_sugar","have_not_sweetener_without_sugar","oily","nut","caramel","raspberry"
1019,"A. Morin","France",2013,"Peru","Chanchamayo Province",63,4,"3","have_bean","have_cocoa_butter","have_not_vanila","have_not_lecithin","have_not_salt","have_sugar","have_not_sweetener_without_sugar","sweet","cocoa","tangerine",""
1011,"A. Morin","France",2013,"Ecuador","Equateur",70,3.75,"4","have_bean","have_cocoa_butter","have_not_vanila","have_lecithin","have_not_salt","have_sugar","have_not_sweetener_without_sugar","sandy","nutty","cocoa","fig"
1019,"A. Morin","France",2013,"Peru","Chanchamayo Province",70,3.5,"4","have_bean","have_cocoa_butter","have_not_vanila","have_lecithin","have_not_salt","have_sugar","have_not_sweetener_without_sugar","cocoa","sour","intense tangerine",""
1011,"A. Morin","France",2013,"Brazil","Brazil",70,3.25,"4","have_bean","have_cocoa_butter","have_not_vanila","have_lecithin","have_not_salt","have_sugar","have_not_sweetener_without_sugar","mild tobacco","","",""
1015,"A. Morin","France",2013,"Papua new guinea","Papua New Guinea",70,3.25,"4","have_bean","have_cocoa_butter","have_not_vanila","have_lecithin","have_not_salt","have_sugar","have_not_sweetener_without_sugar","mild fruit","strong smoke","",""
1019,"A. Morin","France",2013,"Peru","Piura",70,3.25,"4","have_bean","have_cocoa_butter","have_not_vanila","have_lecithin","have_not_salt","have_sugar","have_not_sweetener_without_sugar","green","nutty","cocoa",""
1011,"A. Morin","France",2013,"Madagascar","Madagascar, Criollo",70,3,"4","have_bean","have_cocoa_butter","have_not_vanila","have_lecithin","have_not_salt","have_sugar","have_not_sweetener_without_sugar","sticky","red fruit","sour",""
1015,"A. Morin","France",2013,"Burma","Birmanie",70,3,"4","have_bean","have_cocoa_butter","have_not_vanila","have_lecithin","have_not_salt","have_sugar","have_not_sweetener_without_sugar","sticky","smokey","grass",""
1011,"A. Morin","France",2013,"Panama","Panama",70,2.75,"4","have_bean","have_cocoa_butter","have_not_vanila","have_lecithin","have_not_salt","have_sugar","have_not_sweetener_without_sugar","brief fruit note","earthy","nutty",""
1015,"A. Morin","France",2013,"Colombia","Colombie",70,2.75,"4","have_bean","have_cocoa_butter","have_not_vanila","have_lecithin","have_not_salt","have_sugar","have_not_sweetener_without_sugar","burnt rubber","alkalyzed notes","",""
1319,"A. Morin","France",2014,"Peru","Pablino",70,4,"4","have_bean","have_cocoa_butter","have_not_vanila","have_lecithin","have_not_salt","have_sugar","have_not_sweetener_without_sugar","delicate","hazelnut","brownie",""
1319,"A. Morin","France",2014,"Venezuela","Puerto Cabello, Criollo",70,3.75,"4","have_bean","have_cocoa_butter","have_not_vanila","have_lecithin","have_not_salt","have_sugar","have_not_sweetener_without_sugar","astringent","nutty","chocolatey",""
1315,"A. Morin","France",2014,"Cuba","Cuba",70,3.5,"4","have_bean","have_cocoa_butter","have_not_vanila","have_lecithin","have_not_salt","have_sugar","have_not_sweetener_without_sugar","sliglty dry","papaya","",""
1315,"A. Morin","France",2014,"Venezuela","Sur del Lago, Criollo",70,3.5,"4","have_bean","have_cocoa_butter","have_not_vanila","have_lecithin","have_not_salt","have_sugar","have_not_sweetener_without_sugar","nutty","mild choco","roasty",""
1315,"A. Morin","France",2014,"Venezuela","Carenero, Criollo",70,2.75,"4","have_bean","have_cocoa_butter","have_not_vanila","have_lecithin","have_not_salt","have_sugar","have_not_sweetener_without_sugar","harsh","leather","earthy",""
1680,"A. Morin","France",2015,"Togo","Akata",70,3.5,"4","have_bean","have_cocoa_butter","have_not_vanila","have_lecithin","have_not_salt","have_sugar","have_not_sweetener_without_sugar","mild profile","chocolaty","spice",""
1704,"A. Morin","France",2015,"Peru","Quilla",70,3.5,"4","have_bean","have_cocoa_butter","have_not_vanila","have_lecithin","have_not_salt","have_sugar","have_not_sweetener_without_sugar","grainy texture","cocoa","sweet",""
1676,"A. Morin","France",2015,"Togo","Atsane",70,3,"4","have_bean","have_cocoa_butter","have_not_vanila","have_lecithin","have_not_salt","have_sugar","have_not_sweetener_without_sugar","roasty","acidic","nutty",""
1676,"A. Morin","France",2015,"Togo","Kpime",70,2.75,"4","have_bean","have_cocoa_butter","have_not_vanila","have_lecithin","have_not_salt","have_sugar","have_not_sweetener_without_sugar","burnt wood","earthy","choco",""
1876,"A. Morin","France",2016,"Sao tome","Agua Grande",63,3.75,"4","have_bean","have_cocoa_butter","have_not_vanila","have_lecithin","have_not_salt","have_sugar","have_not_sweetener_without_sugar","sweet","chocolatey","vegetal",""
2206,"A. Morin","France",2018,"Peru","Absolu",63,3.75,"4","have_bean","have_cocoa_butter","have_not_vanila","have_lecithin","have_not_salt","have_sugar","have_not_sweetener_without_sugar","sweet","dairy","spice","cocoa"
2206,"A. Morin","France",2018,"Venezuela","Porcelana",70,3.5,"4","have_bean","have_cocoa_butter","have_not_vanila","have_lecithin","have_not_salt","have_sugar","have_not_sweetener_without_sugar","alluring aroma","powdery","nutty",""
1598,"Arete","U.S.A",2015,"Nicaragua","Chuno",70,4,"2","have_bean","have_not_cocoa_butter","have_not_vanila","have_not_lecithin","have_not_salt","have_sugar","have_not_sweetener_without_sugar","creamy","sticky","peanut butter",""
1534,"Arete","U.S.A",2015,"Ecuador","Puerto Quito, heirloom",70,3.75,"2","have_bean","have_not_cocoa_butter","have_not_vanila","have_not_lecithin","have_not_salt","have_sugar","have_not_sweetener_without_sugar","spicy","cocoa","",""
1598,"Arete","U.S.A",2015,"Belize","Maya Mountain",70,3.75,"2","have_bean","have_not_cocoa_butter","have_not_vanila","have_not_lecithin","have_not_salt","have_sugar","have_not_sweetener_without_sugar","floral","strawberry","metallic",""
1534,"Arete","U.S.A",2015,"Brazil","Fazenda Camboa",70,3.5,"2","have_bean","have_not_cocoa_butter","have_not_vanila","have_not_lecithin","have_not_salt","have_sugar","have_not_sweetener_without_sugar","creamy","rich","rum","roasty"
1534,"Arete","U.S.A",2015,"Peru","Nacional",68,3.5,"2","have_bean","have_not_cocoa_butter","have_not_vanila","have_not_lecithin","have_not_salt","have_sugar","have_not_sweetener_without_sugar","floral","nutty","rich cocoa",""
1598,"Arete","U.S.A",2015,"Dominican republic","Oko Caribe",70,3.5,"2","have_bean","have_not_cocoa_butter","have_not_vanila","have_not_lecithin","have_not_salt","have_sugar","have_not_sweetener_without_sugar","spicy","brownie","nutty",""
1602,"Arete","U.S.A",2015,"Ecuador","Camino Verde",75,3.5,"3","have_bean","have_cocoa_butter","have_not_vanila","have_not_lecithin","have_not_salt","have_sugar","have_not_sweetener_without_sugar","intense","floral","bourbon",""
1602,"Arete","U.S.A",2015,"Guatemala","Guatemala",70,3.25,"2","have_bean","have_not_cocoa_butter","have_not_vanila","have_not_lecithin","have_not_salt","have_sugar","have_not_sweetener_without_sugar","strawberry","butterscotch","off",""
1602,"Arete","U.S.A",2015,"Brazil","Fazenda Camboa",75,2.75,"2","have_bean","have_not_cocoa_butter","have_not_vanila","have_not_lecithin","have_not_salt","have_sugar","have_not_sweetener_without_sugar","floral","chemical off","",""
1908,"Arete","U.S.A",2016,"Costa rica","Coto Brus, Terciopelo",70,4,"2","have_bean","have_not_cocoa_butter","have_not_vanila","have_not_lecithin","have_not_salt","have_sugar","have_not_sweetener_without_sugar","balanced","cherry","choco",""
1924,"Arete","U.S.A",2016,"Peru","Phantom",70,4,"2","have_bean","have_not_cocoa_butter","have_not_vanila","have_not_lecithin","have_not_salt","have_sugar","have_not_sweetener_without_sugar","creamy","complex","balanced",""
1724,"Arete","U.S.A",2016,"Tanzania","Kokoa Kamili",70,3.75,"2","have_bean","have_not_cocoa_butter","have_not_vanila","have_not_lecithin","have_not_salt","have_sugar","have_not_sweetener_without_sugar","appealing smoke","woody","",""
1904,"Arete","U.S.A",2016,"Nicaragua","Rugoso",70,3.75,"3","have_bean","have_cocoa_butter","have_not_vanila","have_not_lecithin","have_not_salt","have_sugar","have_not_sweetener_without_sugar","muddy","rich cocoa","raspberry",""
1928,"Arete","U.S.A",2016,"Dominican republic","Elvesia",70,3.75,"2","have_bean","have_not_cocoa_butter","have_not_vanila","have_not_lecithin","have_not_salt","have_sugar","have_not_sweetener_without_sugar","dark berry","chocolatey","",""
1724,"Arete","U.S.A",2016,"Trinidad","San Juan",70,3.5,"2","have_bean","have_not_cocoa_butter","have_not_vanila","have_not_lecithin","have_not_salt","have_sugar","have_not_sweetener_without_sugar","delicate","simple","",""
1900,"Arete","U.S.A",2016,"Vietnam","Tien Giang",73,3.5,"3","have_bean","have_cocoa_butter","have_not_vanila","have_not_lecithin","have_not_salt","have_sugar","have_not_sweetener_without_sugar","cashew","roasty","chunky melt",""
1904,"Arete","U.S.A",2016,"Guatemala","Lachua",70,3.5,"2","have_bean","have_not_cocoa_butter","have_not_vanila","have_not_lecithin","have_not_salt","have_sugar","have_not_sweetener_without_sugar","subtle","mysterious","",""
1908,"Arete","U.S.A",2016,"Honduras","La Masica, FHIA",70,3.5,"2","have_bean","have_not_cocoa_butter","have_not_vanila","have_not_lecithin","have_not_salt","have_sugar","have_not_sweetener_without_sugar","nutty","green","",""
1904,"Arete","U.S.A",2016,"Ecuador","Hacienda Victoria",70,3.25,"3","have_bean","have_cocoa_butter","have_not_vanila","have_not_lecithin","have_not_salt","have_sugar","have_not_sweetener_without_sugar","sticky","floral","roasty",""
1904,"Arete","U.S.A",2016,"Ecuador","Costa Esmeraldas",70,3.25,"3","have_bean","have_cocoa_butter","have_not_vanila","have_not_lecithin","have_not_salt","have_sugar","have_not_sweetener_without_sugar","chewy","mild floral","",""
1928,"Arete","U.S.A",2016,"Fiji","Matasawalevu",70,3.25,"2","have_bean","have_not_cocoa_butter","have_not_vanila","have_not_lecithin","have_not_salt","have_sugar","have_not_sweetener_without_sugar","smoke","hammy","cocoa base",""
1928,"Arete","U.S.A",2016,"Vietnam","Lam Dong",73,3.25,"2","have_bean","have_not_cocoa_butter","have_not_vanila","have_not_lecithin","have_not_salt","have_sugar","have_not_sweetener_without_sugar","earthy","nutty","cardboard",""
2024,"Arete","U.S.A",2017,"Bolivia","Beniano",70,4,"2","have_bean","have_not_cocoa_butter","have_not_vanila","have_not_lecithin","have_not_salt","have_sugar","have_not_sweetener_without_sugar","creamy","bright fruit","",""
2028,"Arete","U.S.A",2017,"Haiti","Pisa",70,4,"2","have_bean","have_not_cocoa_butter","have_not_vanila","have_not_lecithin","have_not_salt","have_sugar","have_not_sweetener_without_sugar","long lasting","cocoa","",""
2020,"Arete","U.S.A",2017,"India","Anamalai",70,3.5,"2","have_bean","have_not_cocoa_butter","have_not_vanila","have_not_lecithin","have_not_salt","have_sugar","have_not_sweetener_without_sugar","slight roasty","basic cocoa","",""
2020,"Arete","U.S.A",2017,"Madagascar","Sambirano Valley",70,3.5,"3","have_bean","have_cocoa_butter","have_not_vanila","have_not_lecithin","have_not_salt","have_sugar","have_not_sweetener_without_sugar","sour fruit","","",""
2020,"Arete","U.S.A",2017,"Vietnam","Ben Tre",73,3.5,"3","have_bean","have_cocoa_butter","have_not_vanila","have_not_lecithin","have_not_salt","have_sugar","have_not_sweetener_without_sugar","rich cocoa","mild roasty","",""
2028,"Arete","U.S.A",2017,"Peru","Ucayali",70,3.5,"3","have_bean","have_cocoa_butter","have_not_vanila","have_not_lecithin","have_not_salt","have_sugar","have_not_sweetener_without_sugar","dried fruit","fig","anise",""
2254,"Arete","U.S.A",2018,"Colombia","Tumaco",70,4,"2","have_bean","have_not_cocoa_butter","have_not_vanila","have_not_lecithin","have_not_salt","have_sugar","have_not_sweetener_without_sugar","smooth","nutty","cocoa",""
2068,"Arete","U.S.A",2018,"Trinidad","Ramnath E.",70,3,"2","have_bean","have_not_cocoa_butter","have_not_vanila","have_not_lecithin","have_not_salt","have_sugar","have_not_sweetener_without_sugar","nuts","dried fruit","short",""
2330,"Arete","U.S.A",2019,"India","Jangareddygudem",70,3.25,"3","have_bean","have_cocoa_butter","have_not_vanila","have_not_lecithin","have_not_salt","have_sugar","have_not_sweetener_without_sugar","herbs","mushroom","acidic",""
2450,"Arete","U.S.A",2019,"India","Idukki",70,3,"3","have_bean","have_cocoa_butter","have_not_vanila","have_not_lecithin","have_not_salt","have_sugar","have_not_sweetener_without_sugar","burn butterscotch","rubbery","",""
48,"Bonnat","France",2006,"Venezuela","Maracaibo, El Rosario",75,4,"3","have_bean","have_cocoa_butter","have_not_vanila","have_not_lecithin","have_not_salt","have_sugar","have_not_sweetener_without_sugar","creamy","fatty","floral",""
81,"Bonnat","France",2006,"Venezuela","Chuao",75,4,"3","have_bean","have_cocoa_butter","have_not_vanila","have_not_lecithin","have_not_salt","have_sugar","have_not_sweetener_without_sugar","creamy","coconut","tang",""
24,"Bonnat","France",2006,"Blend","Carribean, Trinite",75,3.75,"3","have_bean","have_cocoa_butter","have_not_vanila","have_not_lecithin","have_not_salt","have_sugar","have_not_sweetener_without_sugar","spice","woodsy","long lasting",""
32,"Bonnat","France",2006,"Venezuela","Ocumare, Puerto Cabello",75,3.75,"3","have_bean","have_cocoa_butter","have_not_vanila","have_not_lecithin","have_not_salt","have_sugar","have_not_sweetener_without_sugar","sandy","creamy","berry",""
75,"Bonnat","France",2006,"Madagascar","Madagascar",75,3.75,"3","have_bean","have_cocoa_butter","have_not_vanila","have_not_lecithin","have_not_salt","have_sugar","have_not_sweetener_without_sugar","mellow","tart","coffee",""
81,"Bonnat","France",2006,"Sri lanka","Ceylan",75,3,"3","have_bean","have_cocoa_butter","have_not_vanila","have_not_lecithin","have_not_salt","have_sugar","have_not_sweetener_without_sugar","vegetal","dominant tobacco","",""
123,"Bonnat","France",2007,"Ecuador","Equateur",75,2.5,"3","have_bean","have_cocoa_butter","have_not_vanila","have_not_lecithin","have_not_salt","have_sugar","have_not_sweetener_without_sugar","dry","floral","bitter",""
199,"Bonnat","France",2008,"Venezuela","Porcelana, Venezuela",75,4,"3","have_bean","have_cocoa_butter","have_not_vanila","have_not_lecithin","have_not_salt","have_sugar","have_not_sweetener_without_sugar","creamy","strawberry","nutty",""
331,"Bonnat","France",2009,"Ivory coast","Ivory Coast",75,3,"3","have_bean","have_cocoa_butter","have_not_vanila","have_not_lecithin","have_not_salt","have_sugar","have_not_sweetener_without_sugar","oily","intense cocoa","sl. Burnt",""
336,"Bonnat","France",2009,"Mexico","Porcelana, Tabasco, Marfil de Blanco",75,3,"3","have_bean","have_cocoa_butter","have_not_vanila","have_not_lecithin","have_not_salt","have_sugar","have_not_sweetener_without_sugar","mild bitter","nut","possible mold",""
395,"Bonnat","France",2009,"Mexico","Xoconusco, cacao Real",75,3,"3","have_bean","have_cocoa_butter","have_not_vanila","have_not_lecithin","have_not_salt","have_sugar","have_not_sweetener_without_sugar","fatty","roasty","earthy",""
336,"Bonnat","France",2009,"Peru","Porcelana, Apotequil",75,2.75,"3","have_bean","have_cocoa_butter","have_not_vanila","have_not_lecithin","have_not_salt","have_sugar","have_not_sweetener_without_sugar","flat","bread","earthy",""
629,"Bonnat","France",2011,"Haiti","Haiti",75,4,"3","have_bean","have_cocoa_butter","have_not_vanila","have_not_lecithin","have_not_salt","have_sugar","have_not_sweetener_without_sugar","grassy","black pepper","",""
629,"Bonnat","France",2011,"Madagascar","Madagascar, 100% criollo",75,4,"3","have_bean","have_cocoa_butter","have_not_vanila","have_not_lecithin","have_not_salt","have_sugar","have_not_sweetener_without_sugar","fatty","spicy","gentle roast",""
629,"Bonnat","France",2011,"Brazil","Libanio",75,3.75,"3","have_bean","have_cocoa_butter","have_not_vanila","have_not_lecithin","have_not_salt","have_sugar","have_not_sweetener_without_sugar","chunky","very grassy","mild mint",""
629,"Bonnat","France",2011,"Cuba","Cuba",75,3.5,"3","have_bean","have_cocoa_butter","have_not_vanila","have_not_lecithin","have_not_salt","have_sugar","have_not_sweetener_without_sugar","fatty","raisin","grape",""
629,"Bonnat","France",2011,"Peru","Cusco, Cacao Cusco",75,3.5,"3","have_bean","have_cocoa_butter","have_not_vanila","have_not_lecithin","have_not_salt","have_sugar","have_not_sweetener_without_sugar","roasty","woody","mint",""
629,"Bonnat","France",2011,"Peru","Piura Blanco",75,3.5,"3","have_bean","have_cocoa_butter","have_not_vanila","have_not_lecithin","have_not_salt","have_sugar","have_not_sweetener_without_sugar","creamy","cocoa","smokey",""
672,"Bonnat","France",2011,"Brazil","Juliana",75,3.5,"3","have_bean","have_cocoa_butter","have_not_vanila","have_not_lecithin","have_not_salt","have_sugar","have_not_sweetener_without_sugar","oily","fatty","rich","nutty"
761,"Bonnat","France",2011,"Jamaica","Jamaique",75,3.25,"3","have_bean","have_cocoa_butter","have_not_vanila","have_not_lecithin","have_not_salt","have_sugar","have_not_sweetener_without_sugar","oily","creamy","woody",""
1038,"Bonnat","France",2013,"Brazil","Maragnam",75,3.5,"3","have_bean","have_cocoa_butter","have_not_vanila","have_not_lecithin","have_not_salt","have_sugar","have_not_sweetener_without_sugar","oily","roasted nuts","rich cocoa",""
1042,"Bonnat","France",2013,"Gabon","Gabon",75,3.25,"3","have_bean","have_cocoa_butter","have_not_vanila","have_not_lecithin","have_not_salt","have_sugar","have_not_sweetener_without_sugar","fatty","roasty","black pepper",""
1339,"Bonnat","France",2014,"Brazil","Kaori",75,4,"3","have_bean","have_cocoa_butter","have_not_vanila","have_not_lecithin","have_not_salt","have_sugar","have_not_sweetener_without_sugar","creamy","homey","nutty",""
1418,"Bonnat","France",2014,"Blend","Surfin, Venez,Africa,Brasil,Peru,Mex",65,3.75,"3","have_bean","have_cocoa_butter","have_not_vanila","have_not_lecithin","have_not_salt","have_sugar","have_not_sweetener_without_sugar","complex","brownie","mint","spice"
1418,"Bonnat","France",2014,"Dominican republic","Los Colorados, Santo Domingo, Equateur",75,3.25,"3","have_bean","have_cocoa_butter","have_not_vanila","have_not_lecithin","have_not_salt","have_sugar","have_not_sweetener_without_sugar","roasty","tobacco","earthy",""
1912,"Bonnat","France",2016,"Mexico","Selva Maya",75,3.5,"3","have_bean","have_cocoa_butter","have_not_vanila","have_not_lecithin","have_not_salt","have_sugar","have_not_sweetener_without_sugar","heavy roast","fatty","gateway",""
2246,"Bonnat","France",2018,"Peru","Madre de Dios",75,4,"3","have_bean","have_cocoa_butter","have_not_vanila","have_not_lecithin","have_not_salt","have_sugar","have_not_sweetener_without_sugar","oily","subtle","mild coffee",""
2250,"Bonnat","France",2018,"Blend","El Rosario, Xoconuzco, Cusco, Sambirano",75,4,"3","have_bean","have_cocoa_butter","have_not_vanila","have_not_lecithin","have_not_salt","have_sugar","have_not_sweetener_without_sugar","creamy","rich","complex",""
87,"Domori","Italy",2006,"Venezuela","Carenero Superior",70,3.5,"2","have_bean","have_not_cocoa_butter","have_not_vanila","have_not_lecithin","have_not_salt","have_sugar","have_not_sweetener_without_sugar","creamy","basic cocoa","",""
87,"Domori","Italy",2006,"Peru","Apurimac",70,3.25,"2","have_bean","have_not_cocoa_butter","have_not_vanila","have_not_lecithin","have_not_salt","have_sugar","have_not_sweetener_without_sugar","floral","olive","",""
87,"Domori","Italy",2006,"Venezuela","Sur del Lago Classificado",70,3,"2","have_bean","have_not_cocoa_butter","have_not_vanila","have_not_lecithin","have_not_salt","have_sugar","have_not_sweetener_without_sugar","long lasting","fruit","",""
111,"Domori","Italy",2007,"Venezuela","Porcelana",70,4,"2","have_bean","have_not_cocoa_butter","have_not_vanila","have_not_lecithin","have_not_salt","have_sugar","have_not_sweetener_without_sugar","creamy","complex","coffee",""
192,"Domori","Italy",2007,"Ecuador","Ecuador",70,4,"2","have_bean","have_not_cocoa_butter","have_not_vanila","have_not_lecithin","have_not_salt","have_sugar","have_not_sweetener_without_sugar","creamy","nuts","woody","cocoa"
192,"Domori","Italy",2007,"Venezuela","Ocumare 67, Puertofino",70,4,"2","have_bean","have_not_cocoa_butter","have_not_vanila","have_not_lecithin","have_not_salt","have_sugar","have_not_sweetener_without_sugar","creamy","mint","tobacco","olive"
192,"Domori","Italy",2007,"Indonesia","Java, Javablond",70,3.75,"2","have_bean","have_not_cocoa_butter","have_not_vanila","have_not_lecithin","have_not_salt","have_sugar","have_not_sweetener_without_sugar","creamy","smokey","tobacco",""
135,"Domori","Italy",2007,"Madagascar","Madagascar",70,3.5,"2","have_bean","have_not_cocoa_butter","have_not_vanila","have_not_lecithin","have_not_salt","have_sugar","have_not_sweetener_without_sugar","fruity","basic cocoa","",""
192,"Domori","Italy",2007,"Madagascar","Madagared",70,3.5,"2","have_bean","have_not_cocoa_butter","have_not_vanila","have_not_lecithin","have_not_salt","have_sugar","have_not_sweetener_without_sugar","smooth","banana","cocoa",""
129,"Domori","Italy",2007,"Venezuela","Ocumare 61, Puertomar",75,3.25,"2","have_bean","have_not_cocoa_butter","have_not_vanila","have_not_lecithin","have_not_salt","have_sugar","have_not_sweetener_without_sugar","sticky","smoke","ham","earthy"
135,"Domori","Italy",2007,"Venezuela","Granella",60,3.25,"2","have_bean","have_not_cocoa_butter","have_not_vanila","have_not_lecithin","have_not_salt","have_sugar","have_not_sweetener_without_sugar","mild spice","licorice","",""
272,"Domori","Italy",2008,"Blend","Ilblend",70,3.75,"2","have_bean","have_not_cocoa_butter","have_not_vanila","have_not_lecithin","have_not_salt","have_sugar","have_not_sweetener_without_sugar","sticky","olive","",""
272,"Domori","Italy",2008,"Blend","Blend No. 1",78,3.5,"2","have_bean","have_not_cocoa_butter","have_not_vanila","have_not_lecithin","have_not_salt","have_sugar","have_not_sweetener_without_sugar","sticky","grassy","coffee",""
227,"Domori","Italy",2008,"Venezuela","Carupano, H. San Jose",70,3,"2","have_bean","have_not_cocoa_butter","have_not_vanila","have_not_lecithin","have_not_salt","have_sugar","have_not_sweetener_without_sugar","cucumber","hot spices","",""
272,"Domori","Italy",2008,"Colombia","Teyuna",70,3,"2","have_bean","have_not_cocoa_butter","have_not_vanila","have_not_lecithin","have_not_salt","have_sugar","have_not_sweetener_without_sugar","creamy","woody","earthy",""
470,"Domori","Italy",2010,"Venezuela","Chuao, Hacienda San Jose",70,3,"2","have_bean","have_not_cocoa_butter","have_not_vanila","have_not_lecithin","have_not_salt","have_sugar","have_not_sweetener_without_sugar","subtle","caramel","sour milk",""
693,"Domori","Italy",2011,"Venezuela","Canoabo, Hacienda San Jose",70,3.5,"2","have_bean","have_not_cocoa_butter","have_not_vanila","have_not_lecithin","have_not_salt","have_sugar","have_not_sweetener_without_sugar","smooth","intense","smoke","nut"
863,"Domori","Italy",2012,"Venezuela","Guasare",70,3.75,"2","have_bean","have_not_cocoa_butter","have_not_vanila","have_not_lecithin","have_not_salt","have_sugar","have_not_sweetener_without_sugar","creamy","coffee","caramel",""
863,"Domori","Italy",2012,"Tanzania","Morogoro",70,3.5,"2","have_bean","have_not_cocoa_butter","have_not_vanila","have_not_lecithin","have_not_salt","have_sugar","have_not_sweetener_without_sugar","sticky","nutty","",""
1672,"Domori","Italy",2015,"Ecuador","Hacienda Victoria",70,3.75,"2","have_bean","have_not_cocoa_butter","have_not_vanila","have_not_lecithin","have_not_salt","have_sugar","have_not_sweetener_without_sugar","floral","well developed","creamy",""
1672,"Domori","Italy",2015,"Venezuela","Ocumare 77",70,3.75,"2","have_bean","have_not_cocoa_butter","have_not_vanila","have_not_lecithin","have_not_salt","have_sugar","have_not_sweetener_without_sugar","nutty","strawberry","creamy",""
2040,"Domori","Italy",2018,"Tanzania","Tanzania",70,4,"2","have_bean","have_not_cocoa_butter","have_not_vanila","have_not_lecithin","have_not_salt","have_sugar","have_not_sweetener_without_sugar","creamy","sticky","fruit",""
370,"Fresco","U.S.A",2009,"Venezuela","Carenero Superior, #203, MR, SC",65,3.5,"3","have_bean","have_cocoa_butter","have_not_vanila","have_not_lecithin","have_not_salt","have_sugar","have_not_sweetener_without_sugar","complex","mild licorice","spice",""
370,"Fresco","U.S.A",2009,"Jamaica","Jamaica, #205, DR, MC",70,3.25,"3","have_bean","have_cocoa_butter","have_not_vanila","have_not_lecithin","have_not_salt","have_sugar","have_not_sweetener_without_sugar","creamy","roasty","tobacco",""
370,"Fresco","U.S.A",2009,"Jamaica","Jamaica, #206, DR, LC",70,3,"3","have_bean","have_cocoa_butter","have_not_vanila","have_not_lecithin","have_not_salt","have_sugar","have_not_sweetener_without_sugar","creamy","simple","nutty",""
370,"Fresco","U.S.A",2009,"Jamaica","Jamaica, #204, DR, SC",80,2.75,"3","have_bean","have_cocoa_butter","have_not_vanila","have_not_lecithin","have_not_salt","have_sugar","have_not_sweetener_without_sugar","slightly burnt","earthy","",""
745,"Fresco","U.S.A",2011,"Venezuela","Chuao, #217, DR, MC, batch 11-021",70,4,"3","have_bean","have_cocoa_butter","have_not_vanila","have_not_lecithin","have_not_salt","have_sugar","have_not_sweetener_without_sugar","tart","roasted cocoa","",""
642,"Fresco","U.S.A",2011,"Dominican republic","Conacado, #212, LR, SC",72,3.5,"3","have_bean","have_cocoa_butter","have_not_vanila","have_not_lecithin","have_not_salt","have_sugar","have_not_sweetener_without_sugar","red berry","some roasty notes","",""
642,"Fresco","U.S.A",2011,"Jamaica","Jamaica, #210, DR, MC",70,3.5,"3","have_bean","have_cocoa_butter","have_not_vanila","have_not_lecithin","have_not_salt","have_sugar","have_not_sweetener_without_sugar","woody","grassy","long",""
642,"Fresco","U.S.A",2011,"Jamaica","Jamaica, #209, DR, SC",70,3.25,"3","have_bean","have_cocoa_butter","have_not_vanila","have_not_lecithin","have_not_salt","have_sugar","have_not_sweetener_without_sugar","grassy","brownie","astringent",""
682,"Fresco","U.S.A",2011,"Dominican republic","Conacado, #213, DR, -C",72,3.25,"3","have_bean","have_cocoa_butter","have_not_vanila","have_not_lecithin","have_not_salt","have_sugar","have_not_sweetener_without_sugar","spicy","cocoa","",""
745,"Fresco","U.S.A",2011,"Venezuela","Chuao, #218, MR, MC, batch 11-020",76,3.25,"3","have_bean","have_cocoa_butter","have_not_vanila","have_not_lecithin","have_not_salt","have_sugar","have_not_sweetener_without_sugar","bready","nutty","earthy","intense"
688,"Fresco","U.S.A",2011,"Madagascar","Sambirano Valley, #215, MR, MC",74,3,"3","have_bean","have_cocoa_butter","have_not_vanila","have_not_lecithin","have_not_salt","have_sugar","have_not_sweetener_without_sugar","sandy","cocoa","red fruit",""
636,"Fresco","U.S.A",2011,"Ghana","Ghana, #211, MR, MC",74,2.75,"3","have_bean","have_cocoa_butter","have_not_vanila","have_not_lecithin","have_not_salt","have_sugar","have_not_sweetener_without_sugar","mild bitter","mild cocoa","roasty",""
682,"Fresco","U.S.A",2011,"Madagascar","Sambirano Valley, #214, LR, MC",74,2.75,"3","have_bean","have_cocoa_butter","have_not_vanila","have_not_lecithin","have_not_salt","have_sugar","have_not_sweetener_without_sugar","woody","red fruit","sour",""
915,"Fresco","U.S.A",2012,"Madagascar","Sambirano Valley, #216, MR, LC",74,4,"3","have_bean","have_cocoa_butter","have_not_vanila","have_not_lecithin","have_not_salt","have_sugar","have_not_sweetener_without_sugar","caramel","nuts","dried fruit",""
927,"Fresco","U.S.A",2012,"Papua new guinea","Markham Valley, #220, MR, MC",69,4,"2","have_bean","have_not_cocoa_butter","have_not_vanila","have_not_lecithin","have_not_salt","have_sugar","have_not_sweetener_without_sugar","tart","red berry","smoke",""
899,"Fresco","U.S.A",2012,"Papua new guinea","Markham Valley, #219, LR, MC",69,3.5,"2","have_bean","have_not_cocoa_butter","have_not_vanila","have_not_lecithin","have_not_salt","have_sugar","have_not_sweetener_without_sugar","mild smoke and fruit","","",""
899,"Fresco","U.S.A",2012,"Papua new guinea","Markham Valley, #221, DR, MC",69,3.5,"2","have_bean","have_not_cocoa_butter","have_not_vanila","have_not_lecithin","have_not_salt","have_sugar","have_not_sweetener_without_sugar","smoke","fruit","sour","hammy"
931,"Fresco","U.S.A",2012,"Papua new guinea","Markham Valley, #222, LR, 0C",69,3,"2","have_bean","have_not_cocoa_butter","have_not_vanila","have_not_lecithin","have_not_salt","have_sugar","have_not_sweetener_without_sugar","sandy","smoke","red berry",""
1149,"Fresco","U.S.A",2013,"Peru","Bellavista Coop, #225, LR, MC, CG Exclusive",70,4,"3","have_bean","have_cocoa_butter","have_not_vanila","have_not_lecithin","have_not_salt","have_sugar","have_not_sweetener_without_sugar","chocolate covered banana","","",""
1081,"Fresco","U.S.A",2013,"Dominican republic","Conacado, #224, MR, MC, batch 13-061",72,3.75,"3","have_bean","have_cocoa_butter","have_not_vanila","have_not_lecithin","have_not_salt","have_sugar","have_not_sweetener_without_sugar","blackberries","caramel","roasty",""
1117,"Fresco","U.S.A",2013,"Peru","San Martin, Bellavista Coop, #226, DR, MC",70,3.75,"3","have_bean","have_cocoa_butter","have_not_vanila","have_not_lecithin","have_not_salt","have_sugar","have_not_sweetener_without_sugar","cocoa and fresh grapes","","",""
1030,"Fresco","U.S.A",2013,"Dominican republic","Conacado, #223, MR, SC, batch 13-051",72,3.25,"3","have_bean","have_cocoa_butter","have_not_vanila","have_not_lecithin","have_not_salt","have_sugar","have_not_sweetener_without_sugar","mildly burnt caramel","","",""
1383,"Fresco","U.S.A",2014,"Peru","Maranon, #227, LR, MC",70,3.5,"3","have_bean","have_cocoa_butter","have_not_vanila","have_not_lecithin","have_not_salt","have_sugar","have_not_sweetener_without_sugar","orange","mellow but flavorful","",""
1383,"Fresco","U.S.A",2014,"Peru","Maranon, #229, MR, LC",70,3.5,"3","have_bean","have_cocoa_butter","have_not_vanila","have_not_lecithin","have_not_salt","have_sugar","have_not_sweetener_without_sugar","fruity","floral","caramel",""
1387,"Fresco","U.S.A",2014,"Peru","Maranon, #230, DR, LC",70,3.5,"3","have_bean","have_cocoa_butter","have_not_vanila","have_not_lecithin","have_not_salt","have_sugar","have_not_sweetener_without_sugar","slow develop","caramel","roasty",""
1383,"Fresco","U.S.A",2014,"Peru","Maranon, #228, MR, SC",70,3,"3","have_bean","have_cocoa_butter","have_not_vanila","have_not_lecithin","have_not_salt","have_sugar","have_not_sweetener_without_sugar","light color","leathery flavor","",""
2024,"Fresco","U.S.A",2017,"Guatemala","Polochic Valley, MR, LC, batch 17-189",70,3.75,"3","have_bean","have_cocoa_butter","have_not_vanila","have_not_lecithin","have_not_salt","have_sugar","have_not_sweetener_without_sugar","long lasting","fruit","spicy",""
2024,"Fresco","U.S.A",2017,"Guatemala","Polochic Valley, LR, LC, batch 17-203",70,3.5,"3","have_bean","have_cocoa_butter","have_not_vanila","have_not_lecithin","have_not_salt","have_sugar","have_not_sweetener_without_sugar","rich cocoa","mild","fatty",""
2028,"Fresco","U.S.A",2017,"Guatemala","Polochic Valley, DR, LC, batch 17-201",70,3.5,"3","have_bean","have_cocoa_butter","have_not_vanila","have_not_lecithin","have_not_salt","have_sugar","have_not_sweetener_without_sugar","rich cocoa","nuts","",""
2174,"Fresco","U.S.A",2018,"Venezuela","Carupano Pintao",72,3.5,"3","have_bean","have_cocoa_butter","have_not_vanila","have_not_lecithin","have_not_salt","have_sugar","have_not_sweetener_without_sugar","complex","nuts","spice","floral"
2174,"Fresco","U.S.A",2018,"Venezuela","Chuao, MR, SC, batch 18-224",72,3.25,"3","have_bean","have_cocoa_butter","have_not_vanila","have_not_lecithin","have_not_salt","have_sugar","have_not_sweetener_without_sugar","roasty","mild fatty","",""
87,"Guittard","U.S.A",2006,"Madagascar","Sambirano, Ambanja",65,3.5,"5","have_bean","have_cocoa_butter","have_vanila","have_lecithin","have_not_salt","have_sugar","have_not_sweetener_without_sugar","creamy","sweet","blueberry",""
93,"Guittard","U.S.A",2006,"Ecuador","Los Rios, Quevedo",65,3.5,"5","have_bean","have_cocoa_butter","have_vanila","have_lecithin","have_not_salt","have_sugar","have_not_sweetener_without_sugar","creamy","blackberry","",""
93,"Guittard","U.S.A",2006,"Blend","Tsaranta",61,3.5,"5","have_bean","have_cocoa_butter","have_vanila","have_lecithin","have_not_salt","have_sugar","have_not_sweetener_without_sugar","sweet","rich cocoa","mild citrus",""
15,"Guittard","U.S.A",2006,"Colombia","Chucuri",65,3,"5","have_bean","have_cocoa_butter","have_vanila","have_lecithin","have_not_salt","have_sugar","have_not_sweetener_without_sugar","creamy","sweet","floral","vanilla"
99,"Guittard","U.S.A",2006,"Blend","Semisweet",61,3,"5","have_bean","have_cocoa_butter","have_vanila","have_lecithin","have_not_salt","have_sugar","have_not_sweetener_without_sugar","fatty","cocoa","fruity",""
87,"Guittard","U.S.A",2006,"Venezuela","Sur del Lago",65,2.5,"5","have_bean","have_cocoa_butter","have_vanila","have_lecithin","have_not_salt","have_sugar","have_not_sweetener_without_sugar","sweet","creamy","vanilla",""
147,"Guittard","U.S.A",2007,"Blend","Quetzalcoatl",72,3.5,"5","have_bean","have_cocoa_butter","have_vanila","have_lecithin","have_not_salt","have_sugar","have_not_sweetener_without_sugar","creamy","sandy","nutmeg","moss"
276,"Guittard","U.S.A",2008,"Venezuela","Ocumare",65,3.5,"5","have_bean","have_cocoa_butter","have_vanila","have_lecithin","have_not_salt","have_sugar","have_not_sweetener_without_sugar","creamy","nutty","",""
259,"Guittard","U.S.A",2008,"Peru","Machu Pichu",65,3,"5","have_bean","have_cocoa_butter","have_vanila","have_lecithin","have_not_salt","have_sugar","have_not_sweetener_without_sugar","sweet","vanilla","rich",""
276,"Guittard","U.S.A",2008,"Blend","Special Maker Reserve",64,3,"5","have_bean","have_cocoa_butter","have_vanila","have_lecithin","have_not_salt","have_sugar","have_not_sweetener_without_sugar","perfume","vanilla","",""
387,"Guittard","U.S.A",2009,"Blend","Complexite",70,3.5,"5","have_bean","have_cocoa_butter","have_vanila","have_lecithin","have_not_salt","have_sugar","have_not_sweetener_without_sugar","complex","fruit","nut","raisin"
316,"Guittard","U.S.A",2009,"U.s.a.","O'ahu Island, N. Shore, Waialua E., Kakoleka",55,3,"5","have_bean","have_cocoa_butter","have_vanila","have_lecithin","have_not_salt","have_sugar","have_not_sweetener_without_sugar","sweet","mild lemon","",""
387,"Guittard","U.S.A",2009,"Blend","Nocturne",91,3,"5","have_bean","have_cocoa_butter","have_vanila","have_lecithin","have_not_salt","have_sugar","have_not_sweetener_without_sugar","bitter","fatty","fruit",""
552,"Guittard","U.S.A",2010,"Trinidad","Trinidad",65,3,"5","have_bean","have_cocoa_butter","have_vanila","have_lecithin","have_not_salt","have_sugar","have_not_sweetener_without_sugar","creamy","mild tobacco","ham",""
654,"Guittard","U.S.A",2011,"Blend","Lever du Soleil",61,3.25,"5","have_bean","have_cocoa_butter","have_vanila","have_lecithin","have_not_salt","have_sugar","have_not_sweetener_without_sugar","sweet","creamy","floral","orange"
654,"Guittard","U.S.A",2011,"Blend","Onyx",72,3.25,"5","have_bean","have_cocoa_butter","have_vanila","have_lecithin","have_not_salt","have_sugar","have_not_sweetener_without_sugar","dry","sticky","brownie",""
654,"Guittard","U.S.A",2011,"Blend","Coucher du Soleil",72,2.75,"5","have_bean","have_cocoa_butter","have_vanila","have_lecithin","have_not_salt","have_sugar","have_not_sweetener_without_sugar","dutched?","intense","rich cocoa",""
1053,"Guittard","U.S.A",2013,"Ecuador","Ecuador",65,3.5,"5","have_bean","have_cocoa_butter","have_vanila","have_lecithin","have_not_salt","have_sugar","have_not_sweetener_without_sugar","very spicy","roasty","",""
1053,"Guittard","U.S.A",2013,"Jamaica","Jamaica",65,3.25,"5","have_bean","have_cocoa_butter","have_vanila","have_lecithin","have_not_salt","have_sugar","have_not_sweetener_without_sugar","sweet","vanilla","cocoa",""
1053,"Guittard","U.S.A",2013,"Haiti","Haiti",65,2.75,"5","have_bean","have_cocoa_butter","have_vanila","have_lecithin","have_not_salt","have_sugar","have_not_sweetener_without_sugar","creamy","sl. Burnt","roasty",""
1053,"Guittard","U.S.A",2013,"Nicaragua","Nicaragua",65,2.75,"5","have_bean","have_cocoa_butter","have_vanila","have_lecithin","have_not_salt","have_sugar","have_not_sweetener_without_sugar","floral","over roasted","harsh",""
1602,"Guittard","U.S.A",2015,"Blend","Epique, Blend No. 49",70,3.75,"5","have_bean","have_cocoa_butter","have_vanila","have_lecithin","have_not_salt","have_sugar","have_not_sweetener_without_sugar","nutty","black licorice","",""
32,"Pralus","France",2006,"Jamaica","Jamaique",75,3.75,"4","have_bean","have_cocoa_butter","have_not_vanila","have_lecithin","have_not_salt","have_sugar","have_not_sweetener_without_sugar","creamy","spicy","",""
93,"Pralus","France",2006,"Ecuador","Fortissima",80,3.75,"4","have_bean","have_cocoa_butter","have_not_vanila","have_lecithin","have_not_salt","have_sugar","have_not_sweetener_without_sugar","vegetal","fruit","smoke",""
99,"Pralus","France",2006,"Blend","Djakarta, Java and Ghana",75,3.5,"4","have_bean","have_cocoa_butter","have_not_vanila","have_lecithin","have_not_salt","have_sugar","have_not_sweetener_without_sugar","tart","fruit","cocoa",""
40,"Pralus","France",2006,"Vanuatu","Vanuatu",75,3,"4","have_bean","have_cocoa_butter","have_not_vanila","have_lecithin","have_not_salt","have_sugar","have_not_sweetener_without_sugar","smoke dominates","mild fruit","",""
99,"Pralus","France",2006,"Cuba","Cuba",75,3,"4","have_bean","have_cocoa_butter","have_not_vanila","have_lecithin","have_not_salt","have_sugar","have_not_sweetener_without_sugar","earthy","tobacco","mushroom",""
99,"Pralus","France",2006,"Blend","Caracas, Venezuela and Ghana",75,3,"4","have_bean","have_cocoa_butter","have_not_vanila","have_lecithin","have_not_salt","have_sugar","have_not_sweetener_without_sugar","sandy","roasty","cocoa",""
105,"Pralus","France",2006,"Brazil","Monte Alegre (Itacare), Brazil",75,3,"4","have_bean","have_cocoa_butter","have_not_vanila","have_lecithin","have_not_salt","have_sugar","have_not_sweetener_without_sugar","creamy","fatty","burnt",""
162,"Pralus","France",2007,"Sao tome","Claudio Corallo w/ nibs",75,4,"4","have_bean","have_cocoa_butter","have_not_vanila","have_lecithin","have_not_salt","have_sugar","have_not_sweetener_without_sugar","large nibs","spicy","cocoa",""
280,"Pralus","France",2008,"Brazil","Monte Alegre, Diego Badero",75,3.5,"4","have_bean","have_cocoa_butter","have_not_vanila","have_lecithin","have_not_salt","have_sugar","have_not_sweetener_without_sugar","complex","herbal","sour",""
202,"Pralus","France",2008,"Madagascar","Sambirano Valley, Le 100%",100,3,"2","have_bean","have_cocoa_butter","have_not_vanila","have_not_lecithin","have_not_salt","have_not_sugar","have_not_sweetener_without_sugar","fatty","mild fruit","bitter","smoke"
280,"Pralus","France",2008,"Dominican republic","Dominican Republic-Organic",75,2,"4","have_bean","have_cocoa_butter","have_not_vanila","have_lecithin","have_not_salt","have_sugar","have_not_sweetener_without_sugar","sandy","sour","",""
451,"Pralus","France",2009,"Venezuela","Cuyagua",75,2,"4","have_bean","have_cocoa_butter","have_not_vanila","have_lecithin","have_not_salt","have_sugar","have_not_sweetener_without_sugar","creamy","burnt","ashey","lemon"
486,"Pralus","France",2010,"Venezuela","Chuao",75,3.5,"4","have_bean","have_cocoa_butter","have_not_vanila","have_lecithin","have_not_salt","have_sugar","have_not_sweetener_without_sugar","nutty","red berry","rich",""
717,"Pralus","France",2011,"Venezuela","Porcelana, S. of Lake Maracaibo",75,3.25,"4","have_bean","have_cocoa_butter","have_not_vanila","have_lecithin","have_not_salt","have_sugar","have_not_sweetener_without_sugar","burnt nuts","subtle fruit","",""
1446,"Pralus","France",2015,"Peru","Peru",75,3.25,"3","have_bean","have_cocoa_butter","have_not_vanila","have_not_lecithin","have_not_salt","have_sugar","have_not_sweetener_without_sugar","subdued","floral","nutty","fatty"
2410,"Pralus","France",2019,"Sao tome & principe","Sao Tome & Principe",75,3.5,"4","have_bean","have_cocoa_butter","have_not_vanila","have_lecithin","have_not_salt","have_sugar","have_not_sweetener_without_sugar","deep cocoa","fatty","mild ashey",""
2414,"Pralus","France",2019,"Tanzania","Tanzanie",75,3.5,"4","have_bean","have_cocoa_butter","have_not_vanila","have_lecithin","have_not_salt","have_sugar","have_not_sweetener_without_sugar","spicy","cocoa","",""
2418,"Pralus","France",2019,"Ecuador","Equateur",75,3.5,"4","have_bean","have_cocoa_butter","have_not_vanila","have_lecithin","have_not_salt","have_sugar","have_not_sweetener_without_sugar","dried fruit","floral","",""
2410,"Pralus","France",2019,"Trinidad","Trinidad",75,3.25,"4","have_bean","have_cocoa_butter","have_not_vanila","have_lecithin","have_not_salt","have_sugar","have_not_sweetener_without_sugar","tobacco","deep cocoa","sl. burnt",""
2414,"Pralus","France",2019,"Ghana","Ghana",75,3.25,"4","have_bean","have_cocoa_butter","have_not_vanila","have_lecithin","have_not_salt","have_sugar","have_not_sweetener_without_sugar","rich cocoa","fatty","roasty",""
2318,"Pralus","France",2019,"Papua new guinea","Papouasie",75,3,"4","have_bean","have_cocoa_butter","have_not_vanila","have_lecithin","have_not_salt","have_sugar","have_not_sweetener_without_sugar","smoke","fat","hammy",""
2406,"Pralus","France",2019,"Papua new guinea","Papouasie",75,3,"4","have_bean","have_cocoa_butter","have_not_vanila","have_lecithin","have_not_salt","have_sugar","have_not_sweetener_without_sugar","complex","smoke","intense",""
2410,"Pralus","France",2019,"Indonesia","Java",75,3,"4","have_bean","have_cocoa_butter","have_not_vanila","have_lecithin","have_not_salt","have_sugar","have_not_sweetener_without_sugar","fruit","woody","ashey","fatty"
2410,"Pralus","France",2019,"Venezuela","Barlovento",75,3,"4","have_bean","have_cocoa_butter","have_not_vanila","have_lecithin","have_not_salt","have_sugar","have_not_sweetener_without_sugar","roasty","black licorice","rubbery",""
2414,"Pralus","France",2019,"Madagascar","Nosy Be Isle.",75,3,"4","have_bean","have_cocoa_butter","have_not_vanila","have_lecithin","have_not_salt","have_sugar","have_not_sweetener_without_sugar","high acidity","roasty","sour","chalky"
2418,"Pralus","France",2019,"Colombia","Colombie",75,3,"4","have_bean","have_cocoa_butter","have_not_vanila","have_lecithin","have_not_salt","have_sugar","have_not_sweetener_without_sugar","sandy","coffee","sweet","roasty"
387,"Soma","Canada",2009,"Madagascar","Madagascar",70,3.75,"3","have_bean","have_cocoa_butter","have_not_vanila","have_not_lecithin","have_not_salt","have_sugar","have_not_sweetener_without_sugar","subtle red berry","complex","",""
387,"Soma","Canada",2009,"Venezuela","Ocumare",70,3.75,"3","have_bean","have_cocoa_butter","have_not_vanila","have_not_lecithin","have_not_salt","have_sugar","have_not_sweetener_without_sugar","black tea","","",""
377,"Soma","Canada",2009,"Ghana","Africa",70,3.5,"3","have_bean","have_cocoa_butter","have_not_vanila","have_not_lecithin","have_not_salt","have_sugar","have_not_sweetener_without_sugar","earthy","woody","vegetal",""
387,"Soma","Canada",2009,"Papua new guinea","Papua New Guinea",70,3.5,"3","have_bean","have_cocoa_butter","have_not_vanila","have_not_lecithin","have_not_salt","have_sugar","have_not_sweetener_without_sugar","smokey","mushroom","woodsy",""
377,"Soma","Canada",2009,"Dominican republic","Hispaniola",70,3,"3","have_bean","have_cocoa_butter","have_not_vanila","have_not_lecithin","have_not_salt","have_sugar","have_not_sweetener_without_sugar","sticky","few grits","mild fruit","sour"
387,"Soma","Canada",2009,"Dominican republic","Conacado",70,3,"3","have_bean","have_cocoa_butter","have_not_vanila","have_not_lecithin","have_not_salt","have_sugar","have_not_sweetener_without_sugar","slow to develop","nutty","",""
607,"Soma","Canada",2010,"Blend","Black Science Blend 1, DR, Ecuador, Peru",70,3.75,"3","have_bean","have_cocoa_butter","have_not_vanila","have_not_lecithin","have_not_salt","have_sugar","have_not_sweetener_without_sugar","complex","nut","dried fruit","earth"
676,"Soma","Canada",2011,"Peru","Peruvian",64,4,"3","have_bean","have_cocoa_butter","have_not_vanila","have_not_lecithin","have_not_salt","have_sugar","have_not_sweetener_without_sugar","complex","spice","caramel","cocoa"
676,"Soma","Canada",2011,"Blend","Three Amigos(Chuao, Wild Bolivia, D.R.)",70,4,"3","have_bean","have_cocoa_butter","have_not_vanila","have_not_lecithin","have_not_salt","have_sugar","have_not_sweetener_without_sugar","strawberry","cocoa","nutty",""
682,"Soma","Canada",2011,"Dominican republic","Elvesia P., Black Science",70,3.75,"3","have_bean","have_cocoa_butter","have_not_vanila","have_not_lecithin","have_not_salt","have_sugar","have_not_sweetener_without_sugar","dried fruit","tart","",""
676,"Soma","Canada",2011,"Bolivia","Alto Beni, Wild Bolivian",70,3.5,"3","have_bean","have_cocoa_butter","have_not_vanila","have_not_lecithin","have_not_salt","have_sugar","have_not_sweetener_without_sugar","earthy","mild tannic","woody",""
688,"Soma","Canada",2011,"Venezuela","Chuao",70,3.5,"3","have_bean","have_cocoa_butter","have_not_vanila","have_not_lecithin","have_not_salt","have_sugar","have_not_sweetener_without_sugar","strawberry","green mint","",""
676,"Soma","Canada",2011,"Grenada","Grenada, Black Science",70,2.75,"3","have_bean","have_cocoa_butter","have_not_vanila","have_not_lecithin","have_not_salt","have_sugar","have_not_sweetener_without_sugar","super temper","astringent","burn",""
867,"Soma","Canada",2012,"Blend","Dual Origins, Sambirano, Elvesia, batch SD06",70,4,"3","have_bean","have_cocoa_butter","have_not_vanila","have_not_lecithin","have_not_salt","have_sugar","have_not_sweetener_without_sugar","creamy","raisin","lemon",""
867,"Soma","Canada",2012,"Blend","Dancing in Your Head, 5 bean blend",70,4,"3","have_bean","have_cocoa_butter","have_not_vanila","have_not_lecithin","have_not_salt","have_sugar","have_not_sweetener_without_sugar","creamy","complex","peanut",""
833,"Soma","Canada",2012,"U.s.a.","O'ahu Island",70,3.75,"3","have_bean","have_cocoa_butter","have_not_vanila","have_not_lecithin","have_not_salt","have_sugar","have_not_sweetener_without_sugar","cranberries","cocoa","",""
951,"Soma","Canada",2012,"Venezuela","Carenero Superior, batch CS2",70,3.75,"3","have_bean","have_cocoa_butter","have_not_vanila","have_not_lecithin","have_not_salt","have_sugar","have_not_sweetener_without_sugar","intense","rich burnt caramel","",""
951,"Soma","Canada",2012,"Guatemala","Cahabon Region, batch Tri1",70,3.5,"3","have_bean","have_cocoa_butter","have_not_vanila","have_not_lecithin","have_not_salt","have_sugar","have_not_sweetener_without_sugar","sandy","earthy","tangy wine",""
967,"Soma","Canada",2012,"Blend","Eastern Promises, Mad., Java, PNG, batch EP1",70,3.5,"3","have_bean","have_cocoa_butter","have_not_vanila","have_not_lecithin","have_not_salt","have_sugar","have_not_sweetener_without_sugar","smoke","tobacco","black pepper",""
983,"Soma","Canada",2012,"Papua new guinea","Papua New Guinea",85,3.5,"3","have_bean","have_cocoa_butter","have_not_vanila","have_not_lecithin","have_not_salt","have_sugar","have_not_sweetener_without_sugar","mild smoke","fruit","mild burnt",""
817,"Soma","Canada",2012,"Haiti","Noula Coop",70,3.25,"3","have_bean","have_cocoa_butter","have_not_vanila","have_not_lecithin","have_not_salt","have_sugar","have_not_sweetener_without_sugar","uneven","grassy","roasty",""
1077,"Soma","Canada",2013,"Blend","Crazy 88, Guat., D.R., Peru, Mad., PNG",88,4,"3","have_bean","have_cocoa_butter","have_not_vanila","have_not_lecithin","have_not_salt","have_sugar","have_not_sweetener_without_sugar","pronounced berry","mild smoke","",""
1077,"Soma","Canada",2013,"Venezuela","Maracaibo, El Vigia",70,4,"3","have_bean","have_cocoa_butter","have_not_vanila","have_not_lecithin","have_not_salt","have_sugar","have_not_sweetener_without_sugar","delicate","nutty","cocoa","dairy"
1081,"Soma","Canada",2013,"Blend","Equator, Peru, Dom. Rep",67,4,"3","have_bean","have_cocoa_butter","have_not_vanila","have_not_lecithin","have_not_salt","have_sugar","have_not_sweetener_without_sugar","roasted nuts","burnt brownie","",""
1177,"Soma","Canada",2013,"Jamaica","Bachelor's Hall E., St. Thomas Parish, batch bh1",70,4,"3","have_bean","have_cocoa_butter","have_not_vanila","have_not_lecithin","have_not_salt","have_sugar","have_not_sweetener_without_sugar","floral","berry","clove",""
1019,"Soma","Canada",2013,"Dominican republic","Rizek Cacao, batch DR 12",77,3.75,"3","have_bean","have_cocoa_butter","have_not_vanila","have_not_lecithin","have_not_salt","have_sugar","have_not_sweetener_without_sugar","smoke","burnt caramel","citrus",""
1073,"Soma","Canada",2013,"Trinidad","Sangre Grande P.",70,3.75,"3","have_bean","have_cocoa_butter","have_not_vanila","have_not_lecithin","have_not_salt","have_sugar","have_not_sweetener_without_sugar","creamy","brownie mix","roasty",""
1077,"Soma","Canada",2013,"Venezuela","Patanemo",70,3.75,"3","have_bean","have_cocoa_butter","have_not_vanila","have_not_lecithin","have_not_salt","have_sugar","have_not_sweetener_without_sugar","nutty","chocolate ice cream","",""
1030,"Soma","Canada",2013,"Indonesia","Java",70,3.25,"3","have_bean","have_cocoa_butter","have_not_vanila","have_not_lecithin","have_not_salt","have_sugar","have_not_sweetener_without_sugar","creamy","smokey","some fruit",""
1077,"Soma","Canada",2013,"Blend","Chef's Blend",70,3.25,"3","have_bean","have_cocoa_butter","have_not_vanila","have_not_lecithin","have_not_salt","have_sugar","have_not_sweetener_without_sugar","grassy","dairy","mild fatty",""
1173,"Soma","Canada",2013,"Venezuela","Orinoco, batch ORI 1",70,3.25,"3","have_bean","have_cocoa_butter","have_not_vanila","have_not_lecithin","have_not_salt","have_sugar","have_not_sweetener_without_sugar","creamy","nutty","roasty",""
1073,"Soma","Canada",2013,"Peru","Apurimac, El Quinacho Co-op",70,2.75,"3","have_bean","have_cocoa_butter","have_not_vanila","have_not_lecithin","have_not_salt","have_sugar","have_not_sweetener_without_sugar","creamy","medicinal","mild fruit",""
1259,"Soma","Canada",2014,"Peru","Maranon Canyon",70,3.75,"3","have_bean","have_cocoa_butter","have_not_vanila","have_not_lecithin","have_not_salt","have_sugar","have_not_sweetener_without_sugar","creamy","sour orange","",""
1307,"Soma","Canada",2014,"Vanuatu","Espiritu Santo, 'Smoke Monster', batch sm1",70,3.75,"3","have_bean","have_cocoa_butter","have_not_vanila","have_not_lecithin","have_not_salt","have_sugar","have_not_sweetener_without_sugar","creamy","smokey","rich cocoa",""
1227,"Soma","Canada",2014,"Nicaragua","La Tronca, Matagalpa",70,3.5,"3","have_bean","have_cocoa_butter","have_not_vanila","have_not_lecithin","have_not_salt","have_sugar","have_not_sweetener_without_sugar","basic chocolate","accessible","",""
1307,"Soma","Canada",2014,"Ecuador","Camino Verde P., Balao, Guayas",80,3.5,"3","have_bean","have_cocoa_butter","have_not_vanila","have_not_lecithin","have_not_salt","have_sugar","have_not_sweetener_without_sugar","robust","nutty","brownie",""
1307,"Soma","Canada",2014,"Nicaragua","La Dalia",70,3.25,"3","have_bean","have_cocoa_butter","have_not_vanila","have_not_lecithin","have_not_salt","have_sugar","have_not_sweetener_without_sugar","spicy","woodsy","",""
1339,"Soma","Canada",2014,"Blend","Little Big Man, Madagascar & Ecuador",70,3.25,"3","have_bean","have_cocoa_butter","have_not_vanila","have_not_lecithin","have_not_salt","have_sugar","have_not_sweetener_without_sugar","tart","mild sour","",""
1594,"Soma","Canada",2015,"Venezuela","Porcelana",75,4,"3","have_bean","have_cocoa_butter","have_not_vanila","have_not_lecithin","have_not_salt","have_sugar","have_not_sweetener_without_sugar","balanced","nuts","strawberry",""
1594,"Soma","Canada",2015,"Venezuela","CSB Chama",70,3.5,"3","have_bean","have_cocoa_butter","have_not_vanila","have_not_lecithin","have_not_salt","have_sugar","have_not_sweetener_without_sugar","roasted nuts","dried fruit","",""
1828,"Soma","Canada",2016,"Vietnam","Tien Giang, Black S., batch VIT60420.0",70,4,"3","have_bean","have_cocoa_butter","have_not_vanila","have_not_lecithin","have_not_salt","have_sugar","have_not_sweetener_without_sugar","creamy","honey","blackberry",""
1828,"Soma","Canada",2016,"Nicaragua","Chuno, San Jose de Bocay, Pantasma R.,B.S.",70,3.75,"3","have_bean","have_cocoa_butter","have_not_vanila","have_not_lecithin","have_not_salt","have_sugar","have_not_sweetener_without_sugar","evolves black pepper to citrus","","",""
1828,"Soma","Canada",2016,"Blend","Abstract S. w/ Jamaica nibs,batch abs60323.0",75,3.75,"3","have_bean","have_cocoa_butter","have_not_vanila","have_not_lecithin","have_not_salt","have_sugar","have_not_sweetener_without_sugar","banana","nutty","",""
1820,"Soma","Canada",2016,"Dominican republic","Oko Caribe, Duarte P., Collab w Chocosol",62,3.5,"3","have_bean","have_cocoa_butter","have_not_vanila","have_not_lecithin","have_not_salt","have_sugar","have_not_sweetener_without_sugar","creamy","sweet","deep choco",""
1820,"Soma","Canada",2016,"Madagascar","Sambirano Valley, Black Science, B-60307.0",70,3.5,"3","have_bean","have_cocoa_butter","have_not_vanila","have_not_lecithin","have_not_salt","have_sugar","have_not_sweetener_without_sugar","robust dark tropical fruit","","",""
1828,"Soma","Canada",2016,"Brazil","Bahia Black, batch bra50722.1",70,3.5,"3","have_bean","have_cocoa_butter","have_not_vanila","have_not_lecithin","have_not_salt","have_sugar","have_not_sweetener_without_sugar","creamy","diluted","mild choco",""
1832,"Soma","Canada",2016,"Ecuador","Camino Verde, Black S., batch cvu6030.0",70,3.25,"3","have_bean","have_cocoa_butter","have_not_vanila","have_not_lecithin","have_not_salt","have_sugar","have_not_sweetener_without_sugar","nutty","banana","harsh ending",""
2016,"Soma","Canada",2017,"Colombia","Arauca",70,4,"3","have_bean","have_cocoa_butter","have_not_vanila","have_not_lecithin","have_not_salt","have_sugar","have_not_sweetener_without_sugar","creamy","honey","marshmallow",""
2016,"Soma","Canada",2017,"Fiji","Fiji",70,3.25,"3","have_bean","have_cocoa_butter","have_not_vanila","have_not_lecithin","have_not_salt","have_sugar","have_not_sweetener_without_sugar","creamy","roasty","woody",""
2242,"Soma","Canada",2018,"Madagascar","Bejofo, Sambirano V., Akesson E.",70,4,"3","have_bean","have_cocoa_butter","have_not_vanila","have_not_lecithin","have_not_salt","have_sugar","have_not_sweetener_without_sugar","creamy","acidic","balanced",""
2242,"Soma","Canada",2018,"Venezuela","Choroni, Aragua, Finca Torres Farm",70,4,"3","have_bean","have_cocoa_butter","have_not_vanila","have_not_lecithin","have_not_salt","have_sugar","have_not_sweetener_without_sugar","nutty","cocoa","",""
2068,"Soma","Canada",2018,"Haiti","Pisa, Creole Gardens",70,3,"3","have_bean","have_cocoa_butter","have_not_vanila","have_not_lecithin","have_not_salt","have_sugar","have_not_sweetener_without_sugar","sweet edge","lemon","muted",""
63,"Valrhona","France",2006,"Blend","Guanaja, South America",70,3.75,"5","have_bean","have_cocoa_butter","have_vanila","have_lecithin","have_not_salt","have_sugar","have_not_sweetener_without_sugar","subtle","smooth","earthy","long"
75,"Valrhona","France",2006,"Madagascar","Sambirano, Ampamakia 2005, Millot P.",64,3.5,"5","have_bean","have_cocoa_butter","have_vanila","have_lecithin","have_not_salt","have_sugar","have_not_sweetener_without_sugar","red berry","rich cocoa","",""
63,"Valrhona","France",2006,"Blend","Carribean, Caraibe",66,3,"5","have_bean","have_cocoa_butter","have_vanila","have_lecithin","have_not_salt","have_sugar","have_not_sweetener_without_sugar","slight bitter","woody","",""
75,"Valrhona","France",2006,"Venezuela","Porcelana, Maracaibo, Palmira P. 2005",64,3,"5","have_bean","have_cocoa_butter","have_vanila","have_lecithin","have_not_salt","have_sugar","have_not_sweetener_without_sugar","modest","creamy","cocoa",""
75,"Valrhona","France",2006,"Trinidad","Gran Couva 2005 P.",64,2.5,"5","have_bean","have_cocoa_butter","have_vanila","have_lecithin","have_not_salt","have_sugar","have_not_sweetener_without_sugar","nutty","vegetal","sweet",""
129,"Valrhona","France",2007,"Madagascar","Manjari",64,4,"5","have_bean","have_cocoa_butter","have_vanila","have_lecithin","have_not_salt","have_sugar","have_not_sweetener_without_sugar","creamy","blueberry","raspberry",""
129,"Valrhona","France",2007,"Venezuela","Chuao 2002 P.",65,3.75,"5","have_bean","have_cocoa_butter","have_vanila","have_lecithin","have_not_salt","have_sugar","have_not_sweetener_without_sugar","sandy","vegetal","cocoa",""
162,"Valrhona","France",2007,"Venezuela","Porcelana, Maracaibo, Palmira P. 2006",64,3.25,"5","have_bean","have_cocoa_butter","have_vanila","have_lecithin","have_not_salt","have_sugar","have_not_sweetener_without_sugar","creamy","cherry","",""
117,"Valrhona","France",2007,"Blend","Araguani, Venezuela, Carribean",72,3,"5","have_bean","have_cocoa_butter","have_vanila","have_lecithin","have_not_salt","have_sugar","have_not_sweetener_without_sugar","creamy","rich","licorice",""
157,"Valrhona","France",2007,"Blend","Le Noir Amer, West Africa",71,2.75,"5","have_bean","have_cocoa_butter","have_vanila","have_lecithin","have_not_salt","have_sugar","have_not_sweetener_without_sugar","nutty and bitter dominate","","",""
153,"Valrhona","France",2007,"Blend","Abinao, West Africa",85,2.5,"5","have_bean","have_cocoa_butter","have_vanila","have_lecithin","have_not_salt","have_sugar","have_not_sweetener_without_sugar","berries","tart","bitter",""
147,"Valrhona","France",2007,"Blend","Le Noir Extra Amer",85,1.5,"5","have_bean","have_cocoa_butter","have_vanila","have_lecithin","have_not_salt","have_sugar","have_not_sweetener_without_sugar","creamy","fatty","very bitter",""
327,"Valrhona","France",2009,"Dominican republic","Tainori",64,3.75,"5","have_bean","have_cocoa_butter","have_vanila","have_lecithin","have_not_salt","have_sugar","have_not_sweetener_without_sugar","cocoa dominates","woodsy","",""
370,"Valrhona","France",2009,"Ecuador","Alpaco",66,3.75,"5","have_bean","have_cocoa_butter","have_vanila","have_lecithin","have_not_salt","have_sugar","have_not_sweetener_without_sugar","rich cocoa","hot spice","",""
395,"Valrhona","France",2009,"Ghana","Nyangbo",68,3.5,"5","have_bean","have_cocoa_butter","have_vanila","have_lecithin","have_not_salt","have_sugar","have_not_sweetener_without_sugar","creamy","cocoa","bread",""
757,"Valrhona","France",2011,"Venezuela","Porcelana, Pedegral",64,4,"5","have_bean","have_cocoa_butter","have_vanila","have_lecithin","have_not_salt","have_sugar","have_not_sweetener_without_sugar","creamy","honey","peanut butter",""
709,"Valrhona","France",2011,"Blend","Caraque",56,3.25,"5","have_bean","have_cocoa_butter","have_vanila","have_lecithin","have_not_salt","have_sugar","have_not_sweetener_without_sugar","intense sweet","nut","orange",""
931,"Valrhona","France",2012,"Venezuela","Otucan, Grand Cru",69,4,"5","have_bean","have_cocoa_butter","have_vanila","have_lecithin","have_not_salt","have_sugar","have_not_sweetener_without_sugar","green","unripened fruit","banana",""
1145,"Valrhona","France",2013,"Blend","Andoa, Grand Cru blend",70,3.5,"5","have_bean","have_cocoa_butter","have_vanila","have_lecithin","have_not_salt","have_sugar","have_not_sweetener_without_sugar","yogurt","lemon","licorice",""
1153,"Valrhona","France",2013,"Dominican republic","Loma Sotavento, 2013",64,3.5,"5","have_bean","have_cocoa_butter","have_vanila","have_lecithin","have_not_salt","have_sugar","have_not_sweetener_without_sugar","complex","herbs","fruit","dairy"
1510,"Valrhona","France",2015,"Peru","Piura, Illanka, Quemazon",63,4,"5","have_bean","have_cocoa_butter","have_vanila","have_lecithin","have_not_salt","have_sugar","have_not_sweetener_without_sugar","intense","dark berry","grapes",""
1972,"Valrhona","France",2017,"Blend","Oriado, Peru, Dom. Rep",60,3.25,"3","have_bean","have_cocoa_butter","have_not_vanila","have_not_lecithin","have_not_salt","have_sugar","have_not_sweetener_without_sugar","intense","rich","sweet",""
486,"Zotter","Austria",2010,"Brazil","Brazil, Mitzi Blue",65,3,"4","have_bean","have_cocoa_butter","have_not_vanila","have_not_lecithin","have_salt","have_not_sugar","have_sweetener_without_sugar","woody","butterscotch","",""
647,"Zotter","Austria",2011,"Peru","Peru",70,3.75,"4","have_bean","have_cocoa_butter","have_not_vanila","have_not_lecithin","have_salt","have_not_sugar","have_sweetener_without_sugar","creamy","fatty","mild nutty",""
749,"Zotter","Austria",2011,"India","Kerala State",65,3.5,"4","have_bean","have_cocoa_butter","have_not_vanila","have_not_lecithin","have_salt","have_not_sugar","have_sweetener_without_sugar","creamy","masculine","earthy",""
781,"Zotter","Austria",2011,"India","Kerala State",62,3.25,"4","have_bean","have_cocoa_butter","have_not_vanila","have_not_lecithin","have_salt","have_not_sugar","have_sweetener_without_sugar","oily","subdued","caramel","salt"
749,"Zotter","Austria",2011,"Congo","Congo",65,3,"4","have_bean","have_cocoa_butter","have_not_vanila","have_not_lecithin","have_salt","have_not_sugar","have_sweetener_without_sugar","dairy","salt","caramel",""
875,"Zotter","Austria",2012,"Dominican republic","Loma Los Pinos, Yacao region, D.R.",62,3.75,"4","have_bean","have_cocoa_butter","have_not_vanila","have_not_lecithin","have_salt","have_not_sugar","have_sweetener_without_sugar","spice","caramel","toffee","salty"
879,"Zotter","Austria",2012,"Dominican republic","Santo Domingo",70,3.75,"4","have_bean","have_cocoa_butter","have_not_vanila","have_not_lecithin","have_salt","have_not_sugar","have_sweetener_without_sugar","strawberry","Cadbury egg","",""
801,"Zotter","Austria",2012,"Panama","Bocas del Toro, Cocabo Co-op",72,3.5,"4","have_bean","have_cocoa_butter","have_not_vanila","have_not_lecithin","have_salt","have_not_sugar","have_sweetener_without_sugar","oily","earthy","caramel","salty"
801,"Zotter","Austria",2012,"Blend","Amazonas Frucht",65,3.5,"4","have_bean","have_cocoa_butter","have_not_vanila","have_not_lecithin","have_salt","have_not_sugar","have_sweetener_without_sugar","dairy","burnt caramel","coffee",""
875,"Zotter","Austria",2012,"Peru","Satipo Pangoa region, 20hr conche",70,3.5,"4","have_bean","have_cocoa_butter","have_not_vanila","have_not_lecithin","have_salt","have_not_sugar","have_sweetener_without_sugar","butterscotch","pepper","",""
883,"Zotter","Austria",2012,"Blend","Indianer, Raw",58,3.5,"4","have_bean","have_cocoa_butter","have_not_vanila","have_not_lecithin","have_salt","have_not_sugar","have_sweetener_without_sugar","smooth","spicy","floral",""
879,"Zotter","Austria",2012,"Bolivia","El Ceibo Coop",90,3.25,"4","have_bean","have_cocoa_butter","have_not_vanila","have_not_lecithin","have_salt","have_not_sugar","have_sweetener_without_sugar","smooth","intense blueberry","",""
883,"Zotter","Austria",2012,"Congo","Kongo, Highlands",68,3.25,"4","have_bean","have_cocoa_butter","have_not_vanila","have_not_lecithin","have_salt","have_not_sugar","have_sweetener_without_sugar","creamy","caramel","salt","sweet"
875,"Zotter","Austria",2012,"Peru","Satipo Pangoa region, 16hr conche",70,3,"4","have_bean","have_cocoa_butter","have_not_vanila","have_not_lecithin","have_salt","have_not_sugar","have_sweetener_without_sugar","woody","toast","pepper",""
879,"Zotter","Austria",2012,"Ecuador","El Oro",75,3,"4","have_bean","have_cocoa_butter","have_not_vanila","have_not_lecithin","have_salt","have_not_sugar","have_sweetener_without_sugar","creamy","nutty","bready",""
879,"Zotter","Austria",2012,"Papua new guinea","Huiwani Coop",75,3,"4","have_bean","have_cocoa_butter","have_not_vanila","have_not_lecithin","have_salt","have_not_sugar","have_sweetener_without_sugar","hint of smoke","fruit","",""
1205,"Zotter","Austria",2014,"Blend","Raw",80,2.75,"4","have_bean","have_cocoa_butter","have_not_vanila","have_not_lecithin","have_salt","have_not_sugar","have_sweetener_without_sugar","waxy","cloying","vegetal",""
1996,"Zotter","Austria",2017,"Colombia","APROCAFA, Acandi",75,3.75,"3","have_bean","have_cocoa_butter","have_not_vanila","have_not_lecithin","have_not_salt","have_sugar","have_not_sweetener_without_sugar","strong nutty","marshmallow","",""
2170,"Zotter","Austria",2018,"Belize","Maya Mtn",72,3.5,"3","have_bean","have_cocoa_butter","have_not_vanila","have_not_lecithin","have_not_salt","have_sugar","have_not_sweetener_without_sugar","muted","roasty","accessible",""
2170,"Zotter","Austria",2018,"Congo","Mountains of the Moon",70,3.25,"3","have_bean","have_cocoa_butter","have_not_vanila","have_not_lecithin","have_not_salt","have_sugar","have_not_sweetener_without_sugar","fatty","mild nuts","mild fruit",""
2036,"Zotter","Austria",2018,"Blend","Dry Aged, 30 yr Anniversary bar",75,3,"3","have_bean","have_cocoa_butter","have_not_vanila","have_not_lecithin","have_not_salt","have_sugar","have_not_sweetener_without_sugar","fatty","earthy","cocoa",""
